{"Key":12,"TonalityVector":[42.7774773,40.983326,42.22467,42.68263,42.34007,42.0771179,41.00448,42.8063736,42.4212036,42.2351151,41.2482,42.6111221,46.0294151,44.38003,44.40781,44.9669838,45.46838,44.62899,44.5350227,44.6058235,45.4465675,45.77104,43.19298,44.8746338],"AverageEnergy":0.03245107,"EnergyDeviation":0.18300429,"TempoBPM":365.853668,"TempoDeviation":0.0,"HarmonicVector":[0.0,19.8886356,25.1847687,33.94694,32.70441,34.6208344,34.1475563,35.309288,41.87585,36.5040741,35.1302223,36.8114624,30.06061,31.4706631,33.2819977,31.4421082,37.2016,25.7380657,23.7685375,23.1553383,22.3861752,21.4418182,22.4495735,18.8287563,17.3169041,17.93808,16.77692,17.9528713,17.2721,12.50242,9.762725,12.2616053,16.1645145,13.05947,9.32372952,9.849048,10.0740118,9.771313,11.3146973,11.9154425,11.6293383,9.273848,7.1146965,7.09907532,10.3004923,9.057601,6.00961542,5.84205151,6.92922735,8.706168,9.969183],"HarmonicDeviation":[0.0,3.51584721,4.45208025,6.001028,5.781378,6.120157,6.036492,6.24185944,7.40267467,6.45306969,6.2102046,6.50740862,5.31401539,5.56327963,5.8834815,5.558232,6.576376,4.54989,4.20172358,4.093324,3.957354,3.79041362,3.96856141,3.32848525,3.061225,3.17103457,2.96576858,3.17364931,3.05330467,2.21013665,1.72582221,2.167566,2.85750937,2.30861,1.648218,1.74108207,1.78085053,1.72734034,2.00017476,2.10637259,2.055796,1.63940012,1.2577126,1.25495112,1.820887,1.6011728,1.06235993,1.03273857,1.22492588,1.5390476,1.76231921]}