{"Key":18,"TonalityVector":[98.19352,96.92001,105.016182,96.0039,107.245659,95.0117,100.981277,101.471893,96.10432,107.078918,93.49972,106.953941,103.11277,109.735161,105.005035,108.33606,111.253395,101.262344,111.815796,102.485031,109.387383,108.479538,100.7362,111.268745],"AverageEnergy":0.000181360912,"EnergyDeviation":0.01346838,"TempoBPM":91.98113,"TempoDeviation":9.611383,"HarmonicVector":[0.0,0.215933874,0.7736438,1.48033726,1.94183338,1.88787711,1.93400955,1.92055154,1.68422842,1.52599823,1.15408158,1.54110134,1.46884227,0.9742553,0.956665337,0.9739693,0.7752135,0.7326236,1.02889192,0.6819927,1.22736371,0.9923191,0.5336879,0.9568847,0.625898063,0.382417023,0.368225425,0.689841449,0.42860648,0.210571364,0.318645716,0.402139723,0.189032242,0.160501063,0.311067432,0.2640372,0.3165015,0.269112,0.177088991,0.160160333,0.3914554,0.7126312,0.287264675,0.119598582,0.107961141,0.233974338,0.396402568,0.175084949,0.165340766,0.189297467,0.123731248],"HarmonicDeviation":[0.0,0.00440497976,0.0157820769,0.03019839,0.03961276,0.03851207,0.0394531526,0.0391786173,0.0343577042,0.0311298575,0.023542881,0.0314379558,0.0299638957,0.0198744871,0.0195156559,0.0198686514,0.0158141,0.0149452789,0.020989053,0.0139124254,0.0250378139,0.0202429816,0.0108870557,0.01952013,0.0127681131,0.00780118071,0.00751167629,0.0140725374,0.00874343049,0.004295586,0.006500267,0.008203518,0.00385619514,0.00327416859,0.00634567253,0.00538627151,0.00645652553,0.00548979547,0.00361255673,0.003267218,0.007985561,0.0145374406,0.005860104,0.00243977155,0.0022023716,0.004772999,0.008086481,0.003571675,0.003372897,0.00386160566,0.0025240765]}